{
  "/solicitud/:idSolicitud": "/solicitud?idSolicitud=:idSolicitud",
  "/usuarigg/llista": "/usuariosLite",
  "/usuarigg/llista?expedientId=*": "/usuarioLites?expedientId=$1",
  "/usuarios": "/usuarios",
  "/usuaris/consulta/:idExpediente": "/usuario",
  "/usuaris/modificacio/:idUsuario": "/usuarios?idUsuario=:idUsuario",
  "/usuarios/:idUsuario/costesRecurso": "/costesRecurso",
  "/territoris/consulta/:idUbicacion": "/direccion",
  "/getIncidencias": "/incidencias",
  "/incidencia/:idIncidencia": "/incidencia",
  "/usuarios/update/:idUsuario": "/usuarios/:idUsuario",
  "/getDocumentosUsuario/:idUsuario": "/usuariosDocumentacion?idUsuario=:idUsuario",
  "/postDocumento": "/usuariosDocumentacion",
  "/getDireccion/:idUsuario": "/direccion?idUsuario=:idUsuario",
  "/getDadesPersonals/:idUsuario": "/dadesPersonals?idUsuario=:idUsuario",
  "/getDadesBasiques/:idUsuario": "/dadesBasiques?idUsuario=:idUsuario",
  "/getPersonasServicio": "/personasServicio",
  "/getProveedores": "/proveedores",
  "/getAnyo/:periodo": "/ano?periodo=:periodo",
  "/usuario/:idUsuario/planTrabajo": "/planTrabajo",
  "/usuario/:idUsuario/priorizacionDependencia": "/priorizacionDependencia",
  "/getRecursosActivos/:idUsuario": "/recursosActivos?idUsuario=:idUsuario",
  "/recursosNoActivos/:idUsuario": "/recursosNoActivos?idUsuario=:idUsuario",
  "/getTests/:idUsuario": "/tests?idUsuario=:idUsuario",
  "/actividadesBasicas/:idUsuario": "/actividadesBasicas?idUsuario=:idUsuario",
  "/datosBancarios/:idUsuario": "/datosBancarios?idUsuario=:idUsuario",
  "/usuarigg/:idUsuario": "/pev",
  "/recursosSalida/:idUsuario": "/recursosSalida?idUsuario=:idUsuario",
  "/registrosRecSalida/:idUsuario": "/registrosRecSalida?idUsuario=:idUsuario",
  "/usuario/:idUsuario/incapacidadLegal": "/incapacidadLegal",
  "/usuario/:idUsuario/piaActiva": "/piaActiva",
  "/usuario/:idUsuario/piaRevision": "/piaRevision",
  "/usuario/:idUsuario/gradoRevision": "/gradoRevision",
  "/usuario/:idUsuario/situacionPersonal": "/situacionPersonal",
  "/usuario/:idUsuario/actividadBasica": "/actividadBasica?idUsuario=:idUsuario",
  "/usuario/situacionPersonal/update/:id": "/situacionPersonal?id=:id",
  "/usuario/:idUsuario/observaciones/:tipo": "/observaciones?tipo=:tipo",
  "/usuario/:idUsuario/copagoGastos": "/copagoGastos",
  "/usuario/:idUsuario/teAtencioOberta": "/teAtencioOberta",
  "/solicitud/:idSolicitud/datosBasicos": "/datosBasicosSolicitud",
  "/solicitud/:idSolicitud/certificadosTests": "/certificadosTests",
  "/solicitud/:idSolicitud/situacionUrgencia": "/situacionUrgencia",
  "/solicitud/:idSolicitud/contexto": "/contexto",
  "/solicitud/:idSolicitud/datosUsuario": "/datosUsuario",
  "/solicitud/:idSolicitud/datosCentro": "/datosCentro",
  "/solicitud/:idSolicitud/documentos": "/documentos",
  "/solicitud/:idSolicitud/documentosRespir": "/documentosRespir",
  "/solicitud/:idSolicitud/documentosRespirPlus": "/documentosRespirPlus",
  "/solicitud/requisitosUsuario/:idUsuario": "/requisitosUsuarios",
  "/solicitud/datosEconomicos/:idUsuario": "/datosEconomicos",
  "/solicitud/plazas/:idSolicitud": "/plazas",
  "/solicitud/:idSolicitud/periodoSolicitado": "/periodoSolicitado",
  "/solicitud/:idSolicitud/motivoDerivacion": "/motivoDerivacion",
  "/solicitud/:idSolicitud/datosCuidador": "/datosCuidador",
  "/equipament/:idEquipament/postDocumento": "/equipamentDocumentacion",
  "/equipament/:idEquipament/documentos": "/equipamentDocumentacion?idEquipament=:idEquipament",
  "/equipaments/:idEquipament/datosEqu": "/datosEqu",
  "/equipament/:idEquipament/usuariosEquipament": "/usuariosEquipament",
  "/equipament": "/equipament",
  "/usuarios/:idUsuario/datosBasicosUsuario": "/datosBasicosUsuario",
  "/usuarios/:idUsuario/indicadores": "/indicadores",
  "/usuarios/:idUsuario/notificaciones/comunicaciones": "/notificaciones",
  "/usuarios/:idUsuario/notificaciones/avisos": "/notificaciones",
  "/usuarios/:idUsuario/tareasPendientes": "/tareasLite",
  "/tareas/:idTarea": "/tareas",
  "/usuario/:idUsuario/registrosAtencion/:idServicio": "/registrosAtencion",
  "/tipologiaObservaciones": "/tipologiaObservaciones",
  "/usuario/:idUsuario/familiares": "/familiares",
  "/usuario/:idUsuario/personasRelacionadas": "/personasRelacionadas",
  "/usuario/:idUsuario/unidadConvivencia": "/unidadConvivencia",
  "/ayuda/FAQ": "/FAQ",
  "/usuario/:idUsuario/indicePfeiffer": "/indicePfeiffer",
  "/equipament/centres/:idCentro": "/centres",
  "/fichaServicio/contratos/:numeroReferencia": "/contratos?numeroReferencia=:numeroReferencia",
  "/fichaServicio/contratosLite": "/contratosLite",
  "/fichaServicio/proveedores": "/proveedoresFichaServicio",
  "/equipament/:idEquipament/postPersonaContacto": "/postPersonaContacto",
  "/equipament/:idEquipament/putPersonaContacto": "/postPersonaContacto",
  "/diccionari/consultagrup?pareId=*": "/diccionario?pareId=$1",
  "/centregg/:idEquipament": "/datosEqu",
  "/centre/personacontacte/cerca?centreId=*&numeroPagina=*": "/profesionalesContactoLite",
  "/centre/personacontacte/:id": "/profesionalesContactoFull",
  "/centre/personacontacte/": "/profesionalesContactoFull",
  "/centre/inspeccio/cerca?centreId=*&numeroPagina=*": "/inspeccionEquipament",
  "/centre/inspeccio/:id": "/inspeccionEquipamentFull?Id=:id",
  "/centre/inspeccio": "/inspeccionEquipamentFull",
  "/centre/inspeccio/esborra/:id": "/inspeccionEquipamentFull",
  "/centre/auditoria/cerca?centreId=*&numeroPagina=*": "/auditoriasEquipament",
  "/centre/auditoria/:id": "/auditoriasEquipamentFull?Id=:id",
  "/centre/auditoria": "/auditoriasEquipamentFull",
  "/centre/auditoria/esborra/:id": "/auditoriasEquipamentFull",
  "/centre/documentacio/cerca?centreId=*&numeroPagina=*": "/documentacionEquipament",
  "/centre/documentacio/:id": "/documentacionEquipamentFull",
  "/centre/documentacio": "/documentacionEquipamentFull",
  "/centre/documentacio/esborra/:id": "/documentacionEquipamentFull",
  "/centre/serveiprestat/cerca?any=*&mes=*&centreId=*": "/serviciosPrestados",
  "/consentiments/llista?expedientId=*": "/consentimiento?expedientId=$1",
  "/interoperabilitat/externa/geocod/consulta?tipusVia=true&municipis=false&comarques=false&provincies=false&paisos=false": "/tiposVia",
  "/interoperabilitat/imi/mib/persona/cerca/?tipDocument=*&docId=*": "/direccionPadron",
  "/empresarials/xarxesrelacio/persones/:idUsuario?tipusConsulta=*": "/redRelacional",
  "/persones/consultaperdoc?tipusDocumentDid=*&document=*": "/personaPerDoc",
  "/atencio/cerca?expedientId=*&serveiDid=*": "/atencion",
  "/interoperabilitat/externa/geocod/determinar?codiServei=*&ubicacioId=*": "/CSSReferencia"
}
